title,rating,comments_count,director,writer,actors,genres,country_region,release_year,link
肖申克的救赎 The Shawshank Redemption,9.7,3269851,弗兰克·德拉邦特,弗兰克·德拉邦特/斯蒂芬·金,蒂姆·罗宾斯/摩根·弗里曼/鲍勃·冈顿/威廉·赛德勒/克兰西·布朗,剧情/犯罪,,1994,https://movie.douban.com/subject/1292052/
霸王别姬,9.6,2412080,陈凯歌,芦苇/李碧华,张国荣/张丰毅/巩俐/葛优/英达,剧情/爱情/同性,,1993,https://movie.douban.com/subject/1291546/
泰坦尼克号 Titanic,9.5,2486377,詹姆斯·卡梅隆,詹姆斯·卡梅隆,莱昂纳多·迪卡普里奥/凯特·温斯莱特/比利·赞恩/凯西·贝茨/弗兰西丝·费舍,剧情/爱情/灾难,,1998,https://movie.douban.com/subject/1292722/
阿甘正传 Forrest Gump,9.5,2420251,罗伯特·泽米吉斯,埃里克·罗思/温斯顿·格鲁姆,汤姆·汉克斯/罗宾·怀特/加里·辛尼斯/麦凯尔泰·威廉逊/莎莉·菲尔德,剧情/爱情,,1994,https://movie.douban.com/subject/1292720/
千与千寻 千と千尋の神隠し,9.4,2524860,宫崎骏,宫崎骏,柊瑠美/入野自由/夏木真理/菅原文太/中村彰男,剧情/动画/奇幻,,2019,https://movie.douban.com/subject/1291561/
美丽人生 La vita è bella,9.5,1475974,罗伯托·贝尼尼,温琴佐·切拉米/罗伯托·贝尼尼,罗伯托·贝尼尼/尼可莱塔·布拉斯基/乔治·坎塔里尼/朱斯蒂诺·杜拉诺/赛尔乔·比尼·布斯特里克,剧情/喜剧/爱情/战争,,2020,https://movie.douban.com/subject/1292063/
星际穿越 Interstellar,9.4,2168178,克里斯托弗·诺兰,乔纳森·诺兰/克里斯托弗·诺兰,马修·麦康纳/安妮·海瑟薇/杰西卡·查斯坦/麦肯吉·弗依/卡西·阿弗莱克,剧情/科幻/冒险,,2014,https://movie.douban.com/subject/1889243/
这个杀手不太冷 Léon,9.4,2542925,吕克·贝松,吕克·贝松,让·雷诺/娜塔莉·波特曼/加里·奥德曼/丹尼·爱罗/彼得·阿佩尔,剧情/动作/犯罪,,2024,https://movie.douban.com/subject/1295644/
盗梦空间 Inception,9.4,2315110,克里斯托弗·诺兰,克里斯托弗·诺兰,莱昂纳多·迪卡普里奥/约瑟夫·高登-莱维特/艾利奥特·佩吉/汤姆·哈迪/渡边谦,剧情/科幻/悬疑/冒险,,2010,https://movie.douban.com/subject/3541415/
楚门的世界 The Truman Show,9.4,2007421,彼得·威尔,安德鲁·尼科尔,金·凯瑞/劳拉·琳妮/艾德·哈里斯/诺亚·艾默里奇/娜塔莎·麦克艾霍恩,剧情/科幻,,1998,https://movie.douban.com/subject/1292064/
辛德勒的名单 Schindler's List,9.5,1242305,史蒂文·斯皮尔伯格,托马斯·肯尼利/斯蒂文·泽里安,连姆·尼森/本·金斯利/拉尔夫·费因斯/卡罗琳·古多尔/乔纳森·萨加尔,剧情/历史/战争,,1993,https://movie.douban.com/subject/1295124/
忠犬八公的故事 Hachi: A Dog's Tale,9.4,1537395,拉斯·霍尔斯道姆,斯蒂芬·P·林赛/新藤兼人,理查·基尔/莎拉·罗默尔/琼·艾伦/罗比·萨布莱特/艾瑞克·阿瓦利,剧情,,2009,https://movie.douban.com/subject/3011091/
海上钢琴师 La leggenda del pianista sull'oceano,9.3,1871889,朱塞佩·托纳多雷,亚历山德罗·巴里科/朱塞佩·托纳多雷,蒂姆·罗斯/普路特·泰勒·文斯/比尔·努恩/克兰伦斯·威廉姆斯三世/梅兰尼·蒂埃里,剧情/音乐,,2019,https://movie.douban.com/subject/1292001/
疯狂动物城 Zootopia,9.3,2306259,拜伦·霍华德,拜伦·霍华德/瑞奇·摩尔/杰拉德·布什/吉姆·里尔顿/乔西·特立尼达/菲尔·约翰斯顿/珍妮弗·李,金妮弗·古德温/杰森·贝特曼/伊德瑞斯·艾尔巴/珍妮·斯蕾特/内特·托伦斯,喜剧/动画/冒险,,2016,https://movie.douban.com/subject/25662329/
三傻大闹宝莱坞 3 Idiots,9.2,2070196,拉吉库马尔·希拉尼,维德胡·维诺德·乔普拉/拉吉库马尔·希拉尼/阿希贾特·乔希,阿米尔·汗/卡琳娜·卡普尔/马达范/沙尔曼·乔希/奥米·瓦依达,剧情/喜剧/爱情/歌舞,,2011,https://movie.douban.com/subject/3793023/
机器人总动员 WALL·E,9.3,1484485,安德鲁·斯坦顿,安德鲁·斯坦顿/吉姆·里尔顿/彼特·道格特,本·贝尔特/艾丽莎·奈特/杰夫·格尔林/佛莱德·威拉特/西格妮·韦弗,科幻/动画/冒险,,2008,https://movie.douban.com/subject/2131459/
放牛班的春天 Les choristes,9.3,1467287,克里斯托夫·巴哈蒂,乔治·沙普罗/勒·惠勒/诺埃-诺尔/克里斯托夫·巴哈蒂/菲利普·洛佩斯-屈瓦尔,让-巴蒂斯特·莫尼耶/热拉尔·朱尼奥/弗朗索瓦·贝莱昂/凯德·麦拉德/让-保罗·博奈雷,剧情/音乐,,2004,https://movie.douban.com/subject/1291549/
无间道 無間道,9.3,1557239,刘伟强,麦兆辉/庄文强,刘德华/梁朝伟/黄秋生/曾志伟/陈慧琳,剧情/惊悚/犯罪,,2003,https://movie.douban.com/subject/1307914/
控方证人 Witness for the Prosecution,9.6,736883,比利·怀尔德,比利·怀尔德/哈里·库尼兹/劳伦斯·B·马库斯,泰隆·鲍华/玛琳·黛德丽/查尔斯·劳顿/埃尔莎·兰彻斯特/约翰·威廉姆斯,剧情/悬疑/惊悚/犯罪,,2025,https://movie.douban.com/subject/1296141/
寻梦环游记 Coco,9.1,1976202,李·昂克里奇,阿德里安·莫利纳/马修·奥尔德里奇/李·昂克里奇/詹森·卡茨,安东尼·冈萨雷斯/盖尔·加西亚·贝纳尔/本杰明·布拉特/阿兰娜·乌巴赫/芮妮·维克托,喜剧/动画/音乐/奇幻,,2017,https://movie.douban.com/subject/20495023/
大话西游之大圣娶亲 西遊記大結局之仙履奇緣,9.2,1703191,刘镇伟,刘镇伟/吴承恩,周星驰/吴孟达/朱茵/蔡少芬/蓝洁瑛,喜剧/爱情/奇幻/古装,,2014,https://movie.douban.com/subject/1292213/
熔炉 도가니,9.3,1032551,黄东赫,黄东赫/孔枝泳,孔刘/郑裕美/金贤秀/郑仁絮/白承焕,剧情,,2011,https://movie.douban.com/subject/5912992/
触不可及 Intouchables,9.3,1289386,奥利维埃·纳卡什,奥利维埃·纳卡什/埃里克·托莱达诺,弗朗索瓦·克鲁塞/奥玛·希/安娜·勒尼/奥德雷·弗勒罗/约瑟芬娜·德·摩,剧情/喜剧,,2011,https://movie.douban.com/subject/6786002/
教父 The Godfather,9.3,1101881,弗朗西斯·福特·科波拉,马里奥·普佐/弗朗西斯·福特·科波拉,马龙·白兰度/阿尔·帕西诺/詹姆斯·肯恩/理查德·S·卡斯特尔诺/罗伯特·杜瓦尔,剧情/犯罪,,1972,https://movie.douban.com/subject/1291841/
末代皇帝 The Last Emperor,9.3,1024036,贝纳尔多·贝托鲁奇,贝纳尔多·贝托鲁奇/马克·派普罗,尊龙/陈冲/邬君梅/彼得·奥图尔/英若诚,剧情/传记/历史,,1987,https://movie.douban.com/subject/1293172/
哈利·波特与魔法石 Harry Potter and the Sorcerer's Stone,9.2,1415263,克里斯·哥伦布,史蒂夫·克洛夫斯/J·K·罗琳,丹尼尔·雷德克里夫/艾玛·沃森/鲁伯特·格林特/艾伦·瑞克曼/玛吉·史密斯,奇幻/冒险,,2002,https://movie.douban.com/subject/1295038/
当幸福来敲门 The Pursuit of Happyness,9.1,1681615,加布里埃莱·穆奇诺,斯蒂夫·康拉德,威尔·史密斯/贾登·史密斯/坦迪·牛顿/布莱恩·豪威/詹姆斯·凯伦,剧情/家庭/传记,,2008,https://movie.douban.com/subject/1849031/
龙猫 となりのトトロ,9.2,1405702,宫崎骏,宫崎骏,日高范子/坂本千夏/糸井重里/岛本须美/北林谷荣,动画/奇幻/冒险,,2018,https://movie.douban.com/subject/1291560/
活着,9.3,966085,张艺谋,芦苇/余华,葛优/巩俐/姜武/牛犇/郭涛,剧情/家庭/历史,,1994,https://movie.douban.com/subject/1292365/
怦然心动 Flipped,9.1,2043596,罗伯·莱纳,罗伯·莱纳/安德鲁·沙因曼/文德琳·范·德拉安南,玛德琳·卡罗尔/卡兰·麦克奥利菲/瑞贝卡·德·莫妮/安东尼·爱德华兹/约翰·马奥尼,剧情/喜剧/爱情,,2010,https://movie.douban.com/subject/3319755/
蝙蝠侠：黑暗骑士 The Dark Knight,9.2,1188367,克里斯托弗·诺兰,乔纳森·诺兰/克里斯托弗·诺兰/大卫·S·高耶,克里斯蒂安·贝尔/希斯·莱杰/艾伦·艾克哈特/迈克尔·凯恩/玛吉·吉伦哈尔,剧情/动作/科幻/惊悚/犯罪,,2008,https://movie.douban.com/subject/1851857/
指环王3：王者无敌 The Lord of the Rings: The Return of the King,9.3,906443,彼得·杰克逊,弗兰·威尔士/菲利帕·鲍恩斯/彼得·杰克逊/J.R.R.托尔金,伊利亚·伍德/西恩·奥斯汀/维果·莫腾森/奥兰多·布鲁姆/伊恩·麦克莱恩,剧情/动作/奇幻/冒险,,2004,https://movie.douban.com/subject/1291552/
我不是药神,9.0,2342277,文牧野,韩家女/钟伟/文牧野,徐峥/王传君/周一围/谭卓/章宇,剧情/喜剧,,2018,https://movie.douban.com/subject/26752088/
乱世佳人 Gone with the Wind,9.3,791202,维克多·弗莱明,玛格丽特·米切尔/西德尼·霍华德/奥利弗·H·P·加勒特/本·赫克特/乔·斯沃林/约翰·范·德鲁登,费雯·丽/克拉克·盖博/奥利维娅·德哈维兰/托马斯·米切尔/芭芭拉·欧内尔,剧情/爱情/历史/战争,,1939,https://movie.douban.com/subject/1300267/
飞屋环游记 Up,9.1,1493895,彼特·道格特,彼特·道格特/鲍勃·彼德森/汤姆·麦卡锡,爱德华·阿斯纳/克里斯托弗·普卢默/乔丹·长井/鲍勃·彼德森/德尔罗伊·林多,剧情/喜剧/动画/冒险,,2009,https://movie.douban.com/subject/2129039/
让子弹飞,9.0,1913510,姜文,朱苏进/述平/姜文/郭俊立/危笑/李不空/马识途,姜文/葛优/周润发/刘嘉玲/陈坤,剧情/喜剧/动作/西部,,2010,https://movie.douban.com/subject/3742360/
哈尔的移动城堡 ハウルの動く城,9.1,1284066,宫崎骏,宫崎骏,倍赏千惠子/木村拓哉/美轮明宏/我修院达也/神木隆之介,爱情/动画/奇幻/冒险,,2024,https://movie.douban.com/subject/1308807/
十二怒汉 12 Angry Men,9.4,576101,西德尼·吕美特,雷金纳德·罗斯,亨利·方达/马丁·鲍尔萨姆/约翰·菲德勒/李·科布/E.G.马绍尔,剧情,,1957,https://movie.douban.com/subject/1293182/
海蒂和爷爷 Heidi,9.3,775544,阿兰·葛斯彭纳,约翰娜·斯比丽/佩特拉·比翁迪娜·沃尔普,阿努克·斯特芬/布鲁诺·冈茨/昆林·艾格匹/安娜·申茨/伊莎贝尔·奥特曼,剧情/家庭/冒险,,2019,https://movie.douban.com/subject/25958717/
素媛 소원,9.3,773185,李濬益,金智慧/曹重勋/金成旭,薛景求/严志媛/李来/金海淑/金相镐,剧情,,2013,https://movie.douban.com/subject/21937452/
猫鼠游戏 Catch Me If You Can,9.1,1204712,史蒂文·斯皮尔伯格,杰夫·内桑森,莱昂纳多·迪卡普里奥/汤姆·汉克斯/克里斯托弗·沃肯/马丁·辛/艾米·亚当斯,剧情/传记/犯罪,,2003,https://movie.douban.com/subject/1305487/
天空之城 天空の城ラピュタ,9.2,1005153,宫崎骏,宫崎骏,田中真弓/横泽启子/初井言荣/寺田农/常田富士男,动画/奇幻/冒险,,1992,https://movie.douban.com/subject/1291583/
鬼子来了,9.3,712243,姜文,姜文/史建全/述平/尤凤伟,姜文/香川照之/袁丁/姜宏波/丛志军,剧情/喜剧,,2000,https://movie.douban.com/subject/1291858/
摔跤吧！爸爸 Dangal,9.0,1739268,涅提·蒂瓦里,比于什·古普塔/施热亚·简/尼基尔·麦罗特拉/涅提·蒂瓦里,阿米尔·汗/法缇玛·萨那·纱卡/桑亚·玛荷塔/阿帕尔夏克提·库拉那/沙克希·坦沃,剧情/家庭/传记/运动,,2017,https://movie.douban.com/subject/26387939/
少年派的奇幻漂流 Life of Pi,9.1,1485219,李安,扬·马特尔/大卫·麦基,苏拉·沙玛/伊尔凡·可汗/拉菲·斯波/阿迪勒·侯赛因/塔布,剧情/奇幻/冒险,,2012,https://movie.douban.com/subject/1929463/
钢琴家 The Pianist,9.3,747286,罗曼·波兰斯基,罗纳德·哈伍德,阿德里安·布罗迪/托马斯·克莱舒曼/艾米莉娅·福克斯/米哈乌·热布罗夫斯基/埃德·斯托帕德,剧情/音乐/传记/战争,,2002,https://movie.douban.com/subject/1296736/
指环王2：双塔奇兵 The Lord of the Rings: The Two Towers,9.2,853600,彼得·杰克逊,弗兰·威尔士/菲利帕·鲍恩斯/斯蒂芬·辛克莱/彼得·杰克逊/J.R.R.托尔金,伊利亚·伍德/西恩·奥斯汀/多米尼克·莫纳汉/奥兰多·布鲁姆/维果·莫腾森,剧情/动作/奇幻/冒险,,2003,https://movie.douban.com/subject/1291572/
死亡诗社 Dead Poets Society,9.2,876659,彼得·威尔,汤姆·舒尔曼,罗宾·威廉姆斯/罗伯特·肖恩·莱纳德/伊桑·霍克/乔西·查尔斯/盖尔·汉森,剧情,,1989,https://movie.douban.com/subject/1291548/
大话西游之月光宝盒 西遊記第壹佰零壹回之月光寶盒,9.0,1361120,刘镇伟,刘镇伟/吴承恩,周星驰/吴孟达/罗家英/蓝洁瑛/莫文蔚,喜剧/爱情/奇幻/古装,,2014,https://movie.douban.com/subject/1299398/
绿皮书 Green Book,8.9,1884733,彼得·法雷里,尼克·瓦莱隆加/布莱恩·库瑞/彼得·法雷里,维果·莫腾森/马赫沙拉·阿里/琳达·卡德里尼/塞巴斯蒂安·马尼斯科/迪米特·D·马里诺夫,剧情/喜剧/音乐/传记,,2019,https://movie.douban.com/subject/27060077/
何以为家 كفرناحوم,9.1,1159131,娜丁·拉巴基,娜丁·拉巴基/吉哈德·霍加里/米歇尔·凯塞尔瓦尼/乔治斯·哈巴兹/哈立德·穆扎纳,赞恩·阿尔·拉菲亚/约丹诺斯·希费罗/博鲁瓦蒂夫·特雷杰·班科尔/卡萨尔·艾尔·哈达德/法迪·尤瑟夫,剧情,,2019,https://movie.douban.com/subject/30170448/
闻香识女人 Scent of a Woman,9.1,1018833,马丁·布莱斯特,博·古德曼/乔瓦尼·阿尔皮诺,阿尔·帕西诺/克里斯·奥唐纳/詹姆斯·瑞布霍恩/加布里埃尔·安瓦尔/菲利普·塞默·霍夫曼,剧情,,1992,https://movie.douban.com/subject/1298624/
大闹天宫,9.4,507556,万籁鸣,李克弱/万籁鸣,邱岳峰/富润生/毕克/尚华/于鼎,剧情/动画/奇幻/古装,,1961,https://movie.douban.com/subject/1418019/
黑客帝国 The Matrix,9.1,946494,莉莉·沃卓斯基,莉莉·沃卓斯基/拉娜·沃卓斯基,基努·里维斯/劳伦斯·菲什伯恩/凯瑞-安·莫斯/雨果·维文/格洛丽亚·福斯特,动作/科幻,,2000,https://movie.douban.com/subject/1291843/
指环王1：护戒使者 The Lord of the Rings: The Fellowship of the Ring,9.1,956188,彼得·杰克逊,弗兰·威尔士/菲利帕·鲍恩斯/彼得·杰克逊/J.R.R.托尔金,伊利亚·伍德/西恩·奥斯汀/伊恩·麦克莱恩/维果·莫腾森/奥兰多·布鲁姆,剧情/动作/奇幻/冒险,,2002,https://movie.douban.com/subject/1291571/
罗马假日 Roman Holiday,9.1,1045298,威廉·惠勒,达尔顿·特朗勃/伊安·麦克莱伦·亨特/约翰·戴顿,奥黛丽·赫本/格利高里·派克/埃迪·艾伯特/哈特利·鲍尔/哈考特·威廉姆斯,剧情/喜剧/爱情,,1953,https://movie.douban.com/subject/1293839/
教父2 The Godfather: Part II,9.3,637016,弗朗西斯·福特·科波拉,弗朗西斯·福特·科波拉/马里奥·普佐,阿尔·帕西诺/罗伯特·杜瓦尔/黛安·基顿/罗伯特·德尼罗/约翰·凯泽尔,剧情/犯罪,,1974,https://movie.douban.com/subject/1299131/
狮子王 The Lion King,9.1,957241,罗杰·阿勒斯,艾琳·梅琪/乔纳森·罗伯特/琳达·伍尔芙顿,乔纳森·泰勒·托马斯/马修·布罗德里克/杰瑞米·艾恩斯/詹姆斯·厄尔·琼斯/莫伊拉·凯利,动画/歌舞/冒险,,1995,https://movie.douban.com/subject/1301753/
天堂电影院 Nuovo Cinema Paradiso,9.2,738704,朱塞佩·托纳多雷,朱塞佩·托纳多雷/瓦娜·波利,菲利普·努瓦雷/萨瓦特利·卡西欧/雅克·贝汉/马克·莱昂纳蒂/莱奥波多·特里耶斯泰,剧情/爱情,,2021,https://movie.douban.com/subject/1291828/
饮食男女 飲食男女,9.2,721994,李安,李安/王蕙玲/詹姆斯·夏慕斯,郎雄/杨贵媚/吴倩莲/王渝文/张艾嘉,剧情/家庭,,1994,https://movie.douban.com/subject/1291818/
辩护人 변호인,9.2,656046,杨宇硕,杨宇硕/尹贤浩,宋康昊/金迎爱/吴达洙/郭度沅/任时完,剧情,,2013,https://movie.douban.com/subject/21937445/
本杰明·巴顿奇事 The Curious Case of Benjamin Button,9.0,1101571,大卫·芬奇,埃里克·罗思/罗宾·史威考德/F.斯科特·菲茨杰拉德,布拉德·皮特/凯特·布兰切特/朱莉娅·奥蒙德/芳妮·A·钱勃丝/伊莱亚斯·科泰斯,剧情/爱情/奇幻,,2008,https://movie.douban.com/subject/1485260/
搏击俱乐部 Fight Club,9.0,970398,大卫·芬奇,恰克·帕拉尼克/吉姆·乌尔斯,爱德华·诺顿/布拉德·皮特/海伦娜·伯翰·卡特/扎克·格雷尼尔/米特·洛夫,剧情/动作/悬疑/惊悚,,1999,https://movie.douban.com/subject/1292000/
美丽心灵 A Beautiful Mind,9.1,851308,朗·霍华德,阿齐瓦·高斯曼/西尔维娅·纳萨尔,罗素·克劳/艾德·哈里斯/詹妮弗·康纳利/克里斯托弗·普卢默/保罗·贝坦尼,剧情/传记,,2001,https://movie.douban.com/subject/1306029/
穿条纹睡衣的男孩 The Boy in the Striped Pajamas,9.2,639790,马克·赫尔曼,约翰·伯恩/马克·赫尔曼,阿萨·巴特菲尔德/维拉·法米加/卡拉·霍根/祖萨·霍尔/安贝尔·比蒂,剧情/战争,,2008,https://movie.douban.com/subject/3008247/
情书 Love Letter,8.9,1320775,岩井俊二,岩井俊二,中山美穗/丰川悦司/酒井美纪/柏原崇/范文雀,剧情/爱情,,1999,https://movie.douban.com/subject/1292220/
哈利·波特与死亡圣器(下) Harry Potter and the Deathly Hallows: Part 2,9.0,967402,大卫·叶茨,史蒂夫·克洛夫斯/J·K·罗琳,丹尼尔·雷德克里夫/艾玛·沃森/鲁伯特·格林特/海伦娜·伯翰·卡特/拉尔夫·费因斯,奇幻/冒险,,2011,https://movie.douban.com/subject/3011235/
"两杆大烟枪 Lock, Stock and Two Smoking Barrels",9.1,675547,盖·里奇,盖·里奇,杰森·弗莱明/德克斯特·弗莱彻/尼克·莫兰/杰森·斯坦森/斯蒂文·麦金托什,剧情/喜剧/犯罪,,1998,https://movie.douban.com/subject/1293350/
窃听风暴 Das Leben der Anderen,9.2,630181,弗洛里安·亨克尔·冯·多纳斯马尔克,弗洛里安·亨克尔·冯·多纳斯马尔克,乌尔里希·穆埃/马蒂娜·格德克/塞巴斯蒂安·科赫/乌尔里希·图库尔/托马斯·蒂梅,剧情/悬疑,,2006,https://movie.douban.com/subject/1900841/
音乐之声 The Sound of Music,9.1,682090,罗伯特·怀斯,乔治·胡达勒克/霍华德·林赛/拉塞尔·克劳斯/恩斯特·莱赫曼/玛丽亚·冯·特拉普,朱莉·安德鲁斯/克里斯托弗·普卢默/埃琳诺·帕克/理查德·海顿/佩吉·伍德,剧情/爱情/歌舞/传记,,1965,https://movie.douban.com/subject/1294408/
功夫,8.9,1330927,周星驰,曾瑾昌/陈文强/周星驰/霍昕,周星驰/元秋/元华/黄圣依/梁小龙,喜剧/动作/犯罪/奇幻,,2004,https://movie.douban.com/subject/1291543/
哈利·波特与阿兹卡班的囚徒 Harry Potter and the Prisoner of Azkaban,9.0,887620,阿方索·卡隆,史蒂夫·克洛夫斯/J·K·罗琳,丹尼尔·雷德克里夫/艾玛·沃森/鲁伯特·格林特/加里·奥德曼/朱丽·沃特斯,奇幻/冒险,,2004,https://movie.douban.com/subject/1291544/
西西里的美丽传说 Malèna,8.9,1090323,朱塞佩·托纳多雷,朱塞佩·托纳多雷/卢恰诺·温琴佐尼,莫妮卡·贝鲁奇/朱塞佩·苏尔法罗/Luciano Federico/玛蒂尔德·皮亚纳/Pietro Notarianni,剧情/情色/战争,,2000,https://movie.douban.com/subject/1292402/
阿凡达 Avatar,8.8,1581847,詹姆斯·卡梅隆,詹姆斯·卡梅隆,萨姆·沃辛顿/佐伊·索尔达娜/西格妮·韦弗/史蒂芬·朗/米歇尔·罗德里格兹,动作/科幻/冒险,,2010,https://movie.douban.com/subject/1652587/
看不见的客人 Contratiempo,8.8,1436229,奥里奥尔·保罗,奥里奥尔·保罗,马里奥·卡萨斯/阿娜·瓦格纳/何塞·科罗纳多/巴巴拉·莱涅/弗兰塞斯克·奥雷利亚,剧情/悬疑/惊悚/犯罪,,2017,https://movie.douban.com/subject/26580232/
拯救大兵瑞恩 Saving Private Ryan,9.1,722726,史蒂文·斯皮尔伯格,罗伯特·罗达特,汤姆·汉克斯/汤姆·塞兹摩尔/爱德华·伯恩斯/巴里·佩珀/亚当·戈德堡,剧情/战争,,1998,https://movie.douban.com/subject/1292849/
沉默的羔羊 The Silence of the Lambs,8.9,1013133,乔纳森·戴米,托马斯·哈里斯/泰德·塔里,朱迪·福斯特/安东尼·霍普金斯/斯科特·格伦/安东尼·希尔德/布鲁克·史密斯,剧情/惊悚/犯罪,,1991,https://movie.douban.com/subject/1293544/
小鞋子 بچه های آسمان,9.2,463905,马基德·马基迪,马基德·马基迪,默罕默德·阿米尔·纳吉/阿米尔·法拉赫·哈什米安/巴哈丽·西迪奇/纳菲丝·贾法-穆罕默迪/费雷什特·萨拉班迪,剧情/家庭/儿童,,1997,https://movie.douban.com/subject/1303021/
布达佩斯大饭店 The Grand Budapest Hotel,8.9,1082161,韦斯·安德森,韦斯·安德森/雨果·吉尼斯/斯蒂芬·茨威格,拉尔夫·费因斯/托尼·雷沃罗利/阿德里安·布罗迪/威廉·达福/裘德·洛,剧情/喜剧/冒险,,2014,https://movie.douban.com/subject/11525673/
蝴蝶效应 The Butterfly Effect,8.9,1064794,埃里克·布雷斯,J·麦基·格鲁伯/埃里克·布雷斯,阿什顿·库彻/梅洛拉·沃尔特斯/艾米·斯马特/埃尔登·亨森/威廉姆·李·斯科特,剧情/科幻/悬疑/惊悚,,2004,https://movie.douban.com/subject/1292343/
飞越疯人院 One Flew Over the Cuckoo's Nest,9.1,602155,米洛斯·福尔曼,劳伦斯·奥邦/博·古德曼/肯·凯西/达尔·瓦瑟曼,杰克·尼科尔森/路易丝·弗莱彻/威廉·雷德菲尔德/克里斯托弗·洛伊德/威尔·萨姆森,剧情,,1975,https://movie.douban.com/subject/1292224/
禁闭岛 Shutter Island,8.9,1109424,马丁·斯科塞斯,莱塔·卡罗格里迪斯/丹尼斯·勒翰,莱昂纳多·迪卡普里奥/马克·鲁法洛/本·金斯利/马克斯·冯·叙多夫/米歇尔·威廉姆斯,剧情/悬疑/惊悚,,2010,https://movie.douban.com/subject/2334904/
还有明天 C'è ancora domani,9.3,365366,宝拉·柯特莱西,宝拉·柯特莱西/吉利亚·卡伦达/法里奥·安德烈奥蒂,宝拉·柯特莱西/瓦莱里奥·马斯坦德雷亚/罗马纳·马乔拉·韦尔加诺/埃马努艾拉·法内利/乔治·科兰杰利,剧情/喜剧/历史,,2025,https://movie.douban.com/subject/36445098/
心灵捕手 Good Will Hunting,9.0,813034,格斯·范·桑特,本·阿弗莱克/马特·达蒙,马特·达蒙/罗宾·威廉姆斯/本·阿弗莱克/斯特兰·斯卡斯加德/明妮·德里弗,剧情,,1997,https://movie.douban.com/subject/1292656/
致命魔术 The Prestige,8.9,962078,克里斯托弗·诺兰,乔纳森·诺兰/克里斯托弗·诺兰/克里斯多夫·普利斯特,休·杰克曼/克里斯蒂安·贝尔/迈克尔·凯恩/丽贝卡·豪尔/斯嘉丽·约翰逊,剧情/悬疑/惊悚,,2006,https://movie.douban.com/subject/1780330/
低俗小说 Pulp Fiction,8.9,956734,昆汀·塔伦蒂诺,昆汀·塔伦蒂诺/罗杰·阿夫瑞,约翰·特拉沃尔塔/乌玛·瑟曼/阿曼达·普拉莫/蒂姆·罗斯/塞缪尔·杰克逊,剧情/喜剧/犯罪,,1994,https://movie.douban.com/subject/1291832/
超脱 Detachment,9.0,720810,托尼·凯耶,卡尔·隆德,阿德里安·布罗迪/马西娅·盖伊·哈登/詹姆斯·肯恩/克里斯蒂娜·亨德里克斯/刘玉玲,剧情,,2011,https://movie.douban.com/subject/5322596/
哈利·波特与密室 Harry Potter and the Chamber of Secrets,8.9,913849,克里斯·哥伦布,史蒂夫·克洛夫斯/J·K·罗琳,丹尼尔·雷德克里夫/艾玛·沃森/鲁伯特·格林特/汤姆·费尔顿/理查德·格雷弗斯,奇幻/冒险,,2003,https://movie.douban.com/subject/1296996/
一一,9.1,507045,杨德昌,杨德昌,吴念真/李凯莉/金燕玲/张洋洋/萧淑慎,剧情/爱情/家庭,,2017,https://movie.douban.com/subject/1292434/
喜剧之王 喜劇之王,8.8,1092169,周星驰,曾瑾昌/周星驰/李敏/郑文辉/冯勉恒/梁嘉杰,周星驰/张柏芝/莫文蔚/吴孟达/林子善,剧情/喜剧/爱情,,1999,https://movie.douban.com/subject/1302425/
摩登时代 Modern Times,9.3,345968,查理·卓别林,查理·卓别林,查理·卓别林/宝莲·高黛/亨利·伯格曼/蒂尼·桑福德/切斯特·康克林,剧情/喜剧/爱情,,1936,https://movie.douban.com/subject/1294371/
杀人回忆 살인의 추억,8.9,834848,奉俊昊,奉俊昊/沈成宝/金光林,宋康昊/金相庆/金雷夏/宋在浩/边希峰,剧情/动作/悬疑/惊悚/犯罪,,2003,https://movie.douban.com/subject/1300299/
致命ID Identity,8.9,945992,詹姆斯·曼高德,迈克尔·库尼,约翰·库萨克/雷·利奥塔/阿曼达·皮特/约翰·浩克斯/阿尔弗雷德·莫里纳,剧情/悬疑/惊悚,,2003,https://movie.douban.com/subject/1297192/
春光乍泄 春光乍洩,9.0,708136,王家卫,王家卫,张国荣/梁朝伟/张震/格利高里·戴顿,剧情/爱情/同性,,1997,https://movie.douban.com/subject/1292679/
加勒比海盗 Pirates of the Caribbean: The Curse of the Black Pearl,8.8,966490,戈尔·维宾斯基,泰德·艾略特/特里·鲁西奥/斯图尔特·贝亚蒂耶/杰·沃尔伯特,约翰尼·德普/杰弗里·拉什/奥兰多·布鲁姆/凯拉·奈特莉/杰克·达文波特,动作/奇幻/冒险,,2003,https://movie.douban.com/subject/1298070/
海豚湾 The Cove,9.3,381989,路易·西霍尤斯,马克·蒙雷,路易·西霍尤斯/瑞克·欧贝瑞/哈迪·琼斯/保罗·沃森/森下丈二,纪录片,,2009,https://movie.douban.com/subject/3442220/
美国往事 Once Upon a Time in America,9.1,470678,赛尔乔·莱昂内,皮耶罗·德·贝纳迪/莱奥纳多·本韦努蒂/弗兰科·奥卡利/恩里科·梅迪欧力/弗兰科·费里尼/赛尔乔·莱昂内,罗伯特·德尼罗/詹姆斯·伍兹/伊丽莎白·麦戈文/乔·佩西/伯特·杨,剧情/犯罪,,1984,https://movie.douban.com/subject/1292262/
红辣椒 パプリカ,9.0,568212,今敏,水上清资/今敏/筒井康隆,林原惠美/江守彻/堀胜之祐/古谷彻/大塚明夫,科幻/动画/悬疑/惊悚,,2006,https://movie.douban.com/subject/1865703/
七宗罪 Se7en,8.8,1059466,大卫·芬奇,安德鲁·凯文·沃克,摩根·弗里曼/布拉德·皮特/凯文·史派西/格温妮斯·帕特洛/安德鲁·凯文·沃克,剧情/悬疑/惊悚/犯罪,,1995,https://movie.douban.com/subject/1292223/
唐伯虎点秋香 唐伯虎點秋香,8.8,1222267,李力持,李力持/谷德昭/陈文强,周星驰/巩俐/陈百祥/郑佩佩/朱咪咪,喜剧/爱情/古装,,1993,https://movie.douban.com/subject/1306249/
狩猎 Jagten,9.1,469108,托马斯·温特伯格,托马斯·温特伯格/托比亚斯·林道赫姆,麦斯·米科尔森/托玛斯·博·拉森/安妮卡·韦德科普/拉丝·弗格斯托姆/苏西·沃德,剧情,,2012,https://movie.douban.com/subject/6985810/
幽灵公主 もののけ姫,8.9,668241,宫崎骏,宫崎骏,松田洋治/石田百合子/田中裕子/小林薰/西村雅彦,动画/奇幻/冒险,,2025,https://movie.douban.com/subject/1297359/
甜蜜蜜,8.9,671474,陈可辛,岸西,黎明/张曼玉/杨恭如/曾志伟/杜可风,剧情/爱情,,2015,https://movie.douban.com/subject/1305164/
寄生虫 기생충,8.8,1545576,奉俊昊,奉俊昊/韩进元,宋康昊/李善均/赵汝贞/崔宇植/朴素丹,剧情,,2019,https://movie.douban.com/subject/27010768/
天书奇谭,9.2,334040,王树忱,包蕾/王树忱,丁建华/毕克/苏秀/程晓桦/施融,动画/奇幻,,1983,https://movie.douban.com/subject/1428581/
蝙蝠侠：黑暗骑士崛起 The Dark Knight Rises,8.9,813047,克里斯托弗·诺兰,大卫·S·高耶/乔纳森·诺兰/克里斯托弗·诺兰,克里斯蒂安·贝尔/汤姆·哈迪/安妮·海瑟薇/约瑟夫·高登-莱维特/玛丽昂·歌迪亚,剧情/动作/科幻/惊悚/犯罪,,2012,https://movie.douban.com/subject/3395373/
7号房的礼物 7번방의 선물,8.9,621248,李焕京,李焕京/刘英雅,柳承龙/朴信惠/郑镇荣/金正泰/吴达洙,剧情/喜剧/家庭,,2013,https://movie.douban.com/subject/10777687/
超能陆战队 Big Hero 6,8.8,1143359,唐·霍尔,乔丹·罗伯茨/丹尼尔·吉尔森/罗伯特·L·贝尔德,斯科特·安第斯/瑞恩·波特/丹尼尔·海尼/T·J·米勒/郑智麟,喜剧/动作/科幻/动画/冒险,,2015,https://movie.douban.com/subject/11026735/
第六感 The Sixth Sense,8.9,636294,M·奈特·沙马兰,M·奈特·沙马兰,布鲁斯·威利斯/海利·乔·奥斯蒙/托妮·科莱特/奥莉维亚·威廉姆斯/唐尼·沃尔伯格,剧情/悬疑/惊悚,,1999,https://movie.douban.com/subject/1297630/
茶馆,9.5,207921,谢添,老舍,于是之/郑榕/蓝天野/英若诚/黄宗洛,剧情/历史,,1982,https://movie.douban.com/subject/1461403/
爱在黎明破晓前 Before Sunrise,8.8,799047,理查德·林克莱特,理查德·林克莱特/金·克里桑,伊桑·霍克/朱莉·德尔佩/安德莉亚·埃克特/汉诺·波西尔/卡尔·布拉克施魏格尔,剧情/爱情,,1995,https://movie.douban.com/subject/1296339/
爱在日落黄昏时 Before Sunset,8.9,652410,理查德·林克莱特,理查德·林克莱特/朱莉·德尔佩/伊桑·霍克/金·克里桑,伊桑·霍克/朱莉·德尔佩/弗农·多布切夫/路易丝·勒莫瓦纳·托雷斯/罗多尔·保利,剧情/爱情,,2004,https://movie.douban.com/subject/1291990/
被嫌弃的松子的一生 嫌われ松子の一生,8.8,774408,中岛哲也,中岛哲也/山田宗树,中谷美纪/永山瑛太/香川照之/市川实日子/伊势谷友介,剧情/歌舞,,2006,https://movie.douban.com/subject/1787291/
哈利·波特与火焰杯 Harry Potter and the Goblet of Fire,8.8,800359,迈克·内威尔,史蒂夫·克洛夫斯/J·K·罗琳,丹尼尔·雷德克里夫/艾玛·沃森/鲁伯特·格林特/迈克尔·刚本/玛吉·史密斯,悬疑/奇幻/冒险,,2005,https://movie.douban.com/subject/1309055/
头脑特工队 Inside Out,8.8,804454,彼特·道格特,彼特·道格特/罗纳尔多·德尔·卡门/梅格·勒福夫/乔什·库雷/迈克尔·阿恩特/西蒙·里奇/鲍勃·彼德森/比尔·哈德尔/艾米·波勒,艾米·波勒/菲利丝·史密斯/理查德·坎德/比尔·哈德尔/刘易斯·布莱克,喜剧/动画/冒险,,2015,https://movie.douban.com/subject/10533913/
未麻的部屋 Perfect Blue,9.1,424608,今敏,村井贞之/竹内义和,岩男润子/松本梨香/辻亲八/大仓正章/秋元羊介,剧情/动画/悬疑/惊悚/犯罪,,1997,https://movie.douban.com/subject/1395091/
重庆森林 重慶森林,8.8,921771,王家卫,王家卫,林青霞/金城武/梁朝伟/王菲/周嘉玲,剧情/爱情,,1994,https://movie.douban.com/subject/1291999/
借东西的小人阿莉埃蒂 借りぐらしのアリエッティ,8.9,627150,米林宏昌,宫崎骏/丹羽圭子/玛丽·诺顿,志田未来/神木隆之介/树木希林/三浦友和/大竹忍,动画/奇幻/冒险,,2010,https://movie.douban.com/subject/4202302/
入殓师 おくりびと,8.9,742479,泷田洋二郎,小山薰堂,本木雅弘/广末凉子/山崎努/吉行和子/笹野高史,剧情,,2021,https://movie.douban.com/subject/2149806/
菊次郎的夏天 菊次郎の夏,8.9,672921,北野武,北野武,北野武/关口雄介/岸本加世子/吉行和子/细川典江,剧情/喜剧,,2020,https://movie.douban.com/subject/1293359/
断背山 Brokeback Mountain,8.8,782074,李安,拉里·麦克穆特瑞/黛安娜·奥撒纳/安妮·普鲁,希斯·莱杰/杰克·吉伦哈尔/米歇尔·威廉姆斯/安妮·海瑟薇/凯特·玛拉,剧情/爱情/同性/家庭,,2005,https://movie.douban.com/subject/1418834/
剪刀手爱德华 Edward Scissorhands,8.7,1119800,蒂姆·波顿,蒂姆·波顿/卡罗琳·汤普森,约翰尼·德普/薇诺娜·瑞德/黛安·韦斯特/安东尼·迈克尔·豪尔/凯西·贝克,剧情/爱情/奇幻,,1990,https://movie.douban.com/subject/1292370/
勇敢的心 Braveheart,8.9,605288,梅尔·吉布森,兰道尔·华莱士,梅尔·吉布森/苏菲·玛索/布莱恩·考克斯/詹姆斯·科兹莫/辛·劳洛,剧情/动作/传记/历史/战争,,1995,https://movie.douban.com/subject/1294639/
时空恋旅人 About Time,8.8,791900,理查德·柯蒂斯,理查德·柯蒂斯,多姆纳尔·格里森/瑞秋·麦克亚当斯/比尔·奈伊/莉迪亚·威尔逊/琳赛·邓肯,喜剧/爱情/奇幻,,2013,https://movie.douban.com/subject/10577869/
驯龙高手 How to Train Your Dragon,8.8,864419,迪恩·戴布洛伊,威廉姆·戴维斯/迪恩·戴布洛伊/克里斯·桑德斯/葛蕾熙达·柯维尔,杰伊·巴鲁切尔/杰拉德·巴特勒/克雷格·费格森/亚美莉卡·费雷拉/乔纳·希尔,动画/奇幻/冒险,,2010,https://movie.douban.com/subject/2353023/
消失的爱人 Gone Girl,8.7,1072478,大卫·芬奇,吉莉安·弗琳,本·阿弗莱克/裴淳华/尼尔·帕特里克·哈里斯/凯莉·库恩/泰勒·派瑞,剧情/悬疑/惊悚/犯罪,,2014,https://movie.douban.com/subject/21318488/
无人知晓 誰も知らない,9.1,372101,是枝裕和,是枝裕和,柳乐优弥/北浦爱/木村飞影/清水萌萌子/韩英惠,剧情,,2004,https://movie.douban.com/subject/1292337/
倩女幽魂,8.8,835223,程小东,阮继志,张国荣/王祖贤/午马/刘兆铭/林威,爱情/奇幻/武侠/古装,,2011,https://movie.douban.com/subject/1297447/
傲慢与偏见 Pride & Prejudice,8.7,932982,乔·赖特,简·奥斯汀/黛博拉·莫盖茨,凯拉·奈特莉/马修·麦克费登/唐纳德·萨瑟兰/布兰达·布莱斯/凯瑞·穆里根,剧情/爱情,,2005,https://movie.douban.com/subject/1418200/
新世界 신세계,8.9,526938,朴勋政,朴勋政,李政宰/崔岷植/黄政民/宋智孝/朴成雄,剧情/犯罪,,2013,https://movie.douban.com/subject/10437779/
花样年华 花樣年華,8.8,804213,王家卫,王家卫,张曼玉/梁朝伟/潘迪华/雷震/萧炳林,剧情/爱情,,2000,https://movie.douban.com/subject/1291557/
玩具总动员3 Toy Story 3,8.9,592242,李·昂克里奇,迈克尔·阿恩特/约翰·拉塞特/安德鲁·斯坦顿/李·昂克里奇,汤姆·汉克斯/蒂姆·艾伦/琼·库萨克/尼德·巴蒂/唐·里克斯,喜剧/动画/奇幻/冒险,,2010,https://movie.douban.com/subject/1858711/
一个叫欧维的男人决定去死 En man som heter Ove,8.9,568489,汉内斯·赫尔姆,汉内斯·赫尔姆/弗雷德里克·巴克曼,罗夫·拉斯加德/巴哈·帕斯/托比亚斯·阿姆博瑞/菲利普·伯格/安娜-莱娜·布伦丁,剧情,,2015,https://movie.douban.com/subject/26628357/
完美的世界 A Perfect World,9.1,359974,克林特·伊斯特伍德,约翰·李·汉考克,凯文·科斯特纳/劳拉·邓恩/克林特·伊斯特伍德/T·J·劳瑟/基斯·斯扎拉巴基克,剧情/犯罪,,1993,https://movie.douban.com/subject/1300992/
色，戒,8.7,960188,李安,王蕙玲/詹姆斯·夏慕斯/张爱玲,梁朝伟/汤唯/陈冲/王力宏/庹宗华,剧情/爱情/情色,,2007,https://movie.douban.com/subject/1828115/
阳光灿烂的日子,8.8,695359,姜文,姜文/王朔,夏雨/宁静/陶虹/耿乐/斯琴高娃,剧情/爱情,,1995,https://movie.douban.com/subject/1291875/
"怪兽电力公司 Monsters, Inc.",8.8,769832,彼特·道格特,安德鲁·斯坦顿/丹尼尔·吉尔森/罗伯特·L·贝尔德/雷特·瑞斯/乔纳森·罗伯特/彼特·道格特/杰夫·皮金/吉尔·卡尔顿/拉夫·埃格尔斯顿,约翰·古德曼/比利·克里斯托/玛丽·吉布斯/史蒂夫·布西密/詹姆斯·柯本,喜剧/动画/儿童/奇幻/冒险,,2001,https://movie.douban.com/subject/1291579/
小森林 夏秋篇 リトル・フォレスト 夏・秋,9.0,473119,森淳一,森淳一/五十岚大介,桥本爱/三浦贵大/松冈茉优/温水洋一/桐岛加恋,剧情,,2014,https://movie.douban.com/subject/25814705/
天使爱美丽 Le Fabuleux destin d'Amélie Poulain,8.7,1020684,让-皮埃尔·热内,纪尧姆·洛朗/让-皮埃尔·热内,奥黛丽·塔图/马修·卡索维茨/吕菲斯/洛莱拉·克拉沃塔/塞尔·梅林,剧情/喜剧/爱情,,2001,https://movie.douban.com/subject/1292215/
教父3 The Godfather: Part III,9.0,432075,弗朗西斯·福特·科波拉,马里奥·普佐/弗朗西斯·福特·科波拉,阿尔·帕西诺/黛安·基顿/塔莉娅·夏尔/安迪·加西亚/伊莱·瓦拉赫,剧情/犯罪,,1990,https://movie.douban.com/subject/1294240/
侧耳倾听 耳をすませば,8.9,520346,近藤喜文,宫崎骏/柊葵,本名阳子/小林桂树/高山南/高桥一生/山下容莉枝,剧情/爱情/动画,,1995,https://movie.douban.com/subject/1297052/
哪吒闹海,9.2,308105,王树忱,王树忱,梁正晖/邱岳峰/毕克/富润生/尚华,动画/奇幻/冒险,,1979,https://movie.douban.com/subject/1307315/
九品芝麻官,8.8,793701,王晶,[佚名]/王晶,周星驰/吴孟达/张敏/徐锦江/钟丽缇,剧情/喜剧/古装,,1994,https://movie.douban.com/subject/1297518/
被解救的姜戈 Django Unchained,8.8,692000,昆汀·塔伦蒂诺,昆汀·塔伦蒂诺,杰米·福克斯/莱昂纳多·迪卡普里奥/克里斯托弗·瓦尔兹/塞缪尔·杰克逊/凯丽·华盛顿,剧情/动作/西部/冒险,,2013,https://movie.douban.com/subject/6307447/
请以你的名字呼唤我 Call Me by Your Name,8.8,823937,卢卡·瓜达尼诺,詹姆斯·伊沃里/安德烈·艾席蒙,艾米·汉莫/提莫西·查拉梅/迈克尔·斯图巴/阿蜜拉·卡萨/艾斯特·加瑞尔,剧情/爱情/同性,,2017,https://movie.douban.com/subject/26799731/
幸福终点站 The Terminal,8.8,641896,史蒂文·斯皮尔伯格,安德鲁·尼科尔/萨沙·杰瓦西/杰夫·内桑森,汤姆·汉克斯/凯瑟琳·泽塔-琼斯/斯坦利·图齐/齐·麦克布赖德/迭戈·卢纳,剧情/喜剧/爱情,,2005,https://movie.douban.com/subject/1292274/
釜山行 부산행,8.6,1349517,延尚昊,延尚昊,孔刘/郑裕美/马东锡/金秀安/金义城,动作/惊悚/灾难,,2016,https://movie.douban.com/subject/25986180/
神偷奶爸 Despicable Me,8.7,1046397,皮埃尔·柯芬,肯·道里欧/塞尔希奥·巴勃罗斯/辛科·保罗,史蒂夫·卡瑞尔/杰森·席格尔/拉塞尔·布兰德/朱莉·安德鲁斯/威尔·阿奈特,喜剧/动画/冒险,,2010,https://movie.douban.com/subject/3287562/
小森林 冬春篇 リトル・フォレスト 冬・春,9.0,420449,森淳一,森淳一/五十岚大介,桥本爱/三浦贵大/松冈茉优/温水洋一/桐岛加恋,剧情,,2015,https://movie.douban.com/subject/25814707/
喜宴 囍宴,9.0,431442,李安,李安/冯光远/詹姆斯·夏慕斯,赵文瑄/归亚蕾/郎雄/金素梅/米切尔·利希藤斯坦,剧情/喜剧/爱情/同性/家庭,,1993,https://movie.douban.com/subject/1303037/
萤火之森 蛍火の杜へ,8.8,610719,大森贵弘,绿川幸,佐仓绫音/内山昂辉/辻亲八/山本兼平/后藤弘树,剧情/爱情/动画/奇幻,,2011,https://movie.douban.com/subject/5989818/
告白,8.8,743723,中岛哲也,中岛哲也/凑佳苗,松隆子/冈田将生/木村佳乃/西井幸人/桥本爱,剧情/悬疑,,2010,https://movie.douban.com/subject/4268598/
玛丽和麦克斯 Mary and Max,9.0,470630,亚当·艾略特,亚当·艾略特,托妮·科莱特/菲利普·塞默·霍夫曼/巴瑞·哈姆弗莱斯/艾瑞克·巴纳/贝塔尼·维特莫尔,剧情/喜剧/动画,,2025,https://movie.douban.com/subject/3072124/
七武士 七人の侍,9.3,235526,黑泽明,黑泽明/桥本忍/小国英雄,三船敏郎/志村乔/津岛惠子/岛崎雪子/藤原釜足,剧情/动作/冒险,,1954,https://movie.douban.com/subject/1295399/
头号玩家 Ready Player One,8.6,1516433,史蒂文·斯皮尔伯格,塞克·潘/恩斯特·克莱恩,泰伊·谢里丹/奥利维亚·库克/本·门德尔森/马克·里朗斯/丽娜·维特,动作/科幻/冒险,,2018,https://movie.douban.com/subject/4920389/
模仿游戏 The Imitation Game,8.8,720011,莫滕·泰杜姆,格拉汉姆·摩尔/安德鲁·霍奇斯,本尼迪克特·康伯巴奇/凯拉·奈特莉/马修·古迪/罗里·金尼尔/艾伦·里奇,剧情/同性/传记/战争,,2015,https://movie.douban.com/subject/10463953/
惊魂记 Psycho,9.0,356324,阿尔弗雷德·希区柯克,约瑟夫·斯蒂凡诺/罗伯特·布洛克,安东尼·博金斯/维拉·迈尔斯/约翰·加文/珍妮特·利/马丁·鲍尔萨姆,悬疑/惊悚/恐怖,,1960,https://movie.douban.com/subject/1293181/
大鱼 Big Fish,8.8,626925,蒂姆·波顿,丹尼尔·华莱士/约翰·奥古斯特,伊万·麦克格雷格/阿尔伯特·芬尼/比利·克鲁德普/杰西卡·兰格/海伦娜·伯翰·卡特,剧情/爱情/奇幻/冒险,,2003,https://movie.douban.com/subject/1291545/
心灵奇旅 Soul,8.7,1142198,彼特·道格特,彼特·道格特/麦克·琼斯/凯普·鲍尔斯,杰米·福克斯/蒂娜·菲/菲利西亚·拉斯海德/阿米尔-卡利布·汤普森/戴维德·迪格斯,动画/音乐/奇幻,,2020,https://movie.douban.com/subject/24733428/
射雕英雄传之东成西就 射鵰英雄傳之東成西就,8.7,717962,刘镇伟,刘镇伟,梁朝伟/林青霞/张国荣/叶玉卿/张学友,喜剧/奇幻/武侠/古装,,1993,https://movie.douban.com/subject/1316510/
血战钢锯岭 Hacksaw Ridge,8.7,859621,梅尔·吉布森,安德鲁·奈特/罗伯特·申坎,安德鲁·加菲尔德/萨姆·沃辛顿/文斯·沃恩/雨果·维文/卢克·布雷西,剧情/传记/历史/战争,,2016,https://movie.douban.com/subject/26325320/
背靠背，脸对脸,9.5,179789,黄建新,黄建新/孙毅安/刘醒龙,牛振华/雷恪生/李强/句号/王劲松,剧情,,1994,https://movie.douban.com/subject/1307856/
你的名字。 君の名は。,8.5,1592658,新海诚,新海诚,神木隆之介/上白石萌音/长泽雅美/市原悦子/成田凌,剧情/爱情/动画,,2016,https://movie.douban.com/subject/26683290/
机器人之梦 Robot Dreams,9.1,436537,巴勃罗·贝格尔,巴勃罗·贝格尔/萨拉·瓦伦,伊万·拉班达,剧情/动画/音乐,,2024,https://movie.douban.com/subject/35426925/
我是山姆 I Am Sam,9.0,376572,杰茜·尼尔森,杰茜·尼尔森/克里斯汀·约翰逊,西恩·潘/达科塔·范宁/米歇尔·菲佛/黛安·韦斯特/洛雷塔·迪瓦恩,剧情/家庭,,2001,https://movie.douban.com/subject/1306861/
阳光姐妹淘 써니,8.8,638586,姜炯哲,姜炯哲/李炳宪,沈恩敬/闵孝琳/姜素拉/南宝拉/陈熙琼,剧情/喜剧,,2011,https://movie.douban.com/subject/4917726/
恐怖直播 더 테러 라이브,8.7,728370,金秉祐,金秉祐,河正宇/李璟荣/全慧珍/李大卫/金弘波,剧情/悬疑/犯罪,,2013,https://movie.douban.com/subject/21360417/
黑客帝国3：矩阵革命 The Matrix Revolutions,8.8,497410,拉娜·沃卓斯基,莉莉·沃卓斯基/拉娜·沃卓斯基,基努·里维斯/劳伦斯·菲什伯恩/凯瑞-安·莫斯/雨果·维文/贾达·萍克特·史密斯,动作/科幻,,2003,https://movie.douban.com/subject/1302467/
小丑 Joker,8.7,1125523,托德·菲利普斯,托德·菲利普斯/斯科特·西尔弗,华金·菲尼克斯/罗伯特·德尼罗/马克·马龙/莎姬·贝兹/谢伊·惠格姆,剧情/惊悚/犯罪,,2019,https://movie.douban.com/subject/27119724/
末路狂花 Thelma & Louise,9.0,347088,雷德利·斯科特,卡莉·克里,吉娜·戴维斯/苏珊·萨兰登/哈威·凯特尔/迈克尔·马德森/布拉德·皮特,剧情/惊悚/犯罪,,1991,https://movie.douban.com/subject/1291992/
"三块广告牌 Three Billboards Outside Ebbing, Missouri",8.7,920199,马丁·麦克唐纳,马丁·麦克唐纳,弗兰西斯·麦克多蒙德/伍迪·哈里森/山姆·洛克威尔/艾比·考尼什/卢卡斯·赫奇斯,剧情/犯罪,,2018,https://movie.douban.com/subject/26611804/
谍影重重3 The Bourne Ultimatum,8.9,471008,保罗·格林格拉斯,托尼·吉尔罗伊/斯科特·Z·本恩斯/乔治·诺非/罗伯特·陆德伦,马特·达蒙/朱丽娅·斯蒂尔斯/大卫·斯特雷泽恩/斯科特·格伦/帕迪·康斯戴恩,动作/悬疑/惊悚,,2007,https://movie.douban.com/subject/1578507/
电锯惊魂 Saw,8.7,613175,温子仁,温子仁/雷·沃纳尔,雷·沃纳尔/加利·艾尔维斯/丹尼·格洛弗/梁振邦/迪娜·迈耶,悬疑/惊悚/恐怖,,2004,https://movie.douban.com/subject/1417598/
高山下的花环,9.5,158794,谢晋,李存葆/李凖,吕晓禾/唐国强/何伟/童超/盖克,剧情/战争,,1984,https://movie.douban.com/subject/1422283/
无间道2 無間道II,8.8,567158,刘伟强,麦兆辉/庄文强,陈冠希/余文乐/曾志伟/黄秋生/吴镇宇,剧情/惊悚/犯罪,,2003,https://movie.douban.com/subject/1307106/
达拉斯买家俱乐部 Dallas Buyers Club,8.8,506033,让-马克·瓦雷,克莱格·鲍登/梅丽莎·沃雷克,马修·麦康纳/詹妮弗·加纳/杰瑞德·莱托/史蒂夫·扎恩/达拉斯·罗伯特斯,剧情/同性/传记,,2013,https://movie.douban.com/subject/1793929/
疯狂原始人 The Croods,8.7,921418,柯克·德·米科,克里斯·桑德斯/柯克·德·米科/约翰·克里斯,尼古拉斯·凯奇/艾玛·斯通/瑞安·雷诺兹/凯瑟琳·基纳/克萝丽丝·利奇曼,喜剧/动画/冒险,,2013,https://movie.douban.com/subject/1907966/
绿里奇迹 The Green Mile,8.9,388387,弗兰克·德拉邦特,弗兰克·德拉邦特,汤姆·汉克斯/大卫·摩斯/迈克·克拉克·邓肯/邦妮·亨特/詹姆斯·克伦威尔,剧情/悬疑/犯罪/奇幻,,1999,https://movie.douban.com/subject/1300374/
爱在午夜降临前 Before Midnight,8.9,473566,理查德·林克莱特,理查德·林克莱特/朱莉·德尔佩/伊桑·霍克/金·克里桑,伊桑·霍克/朱莉·德尔佩/肖姆斯·戴维-菲茨帕特里克/詹妮弗·普里尔/夏洛特·普里尔,剧情/爱情,,2013,https://movie.douban.com/subject/10808442/
疯狂的石头,8.6,926242,宁浩,张承/宁浩/岳小军,郭涛/刘桦/连晋/黄渤/徐峥,喜剧/犯罪,,2006,https://movie.douban.com/subject/1862151/
雨中曲 Singin' in the Rain,9.1,268853,斯坦利·多南,贝蒂·康登/阿多夫·格林,吉恩·凯利/唐纳德·奥康纳/黛比·雷诺斯/简·哈根/米勒德·米切尔,喜剧/爱情/歌舞,,1952,https://movie.douban.com/subject/1293460/
2001太空漫游 2001: A Space Odyssey,8.9,396552,斯坦利·库布里克,亚瑟·克拉克/斯坦利·库布里克,凯尔·杜拉/加里·洛克伍德/威廉姆·西尔维斯特/丹尼尔·里希特/雷纳德·洛塞特,科幻/惊悚/冒险,,1968,https://movie.douban.com/subject/1292226/
海街日记 海街diary,8.8,521217,是枝裕和,是枝裕和/吉田秋生,绫濑遥/长泽雅美/夏帆/广濑铃/大竹忍,剧情/家庭,,2015,https://movie.douban.com/subject/25895901/
风之谷 風の谷のナウシカ,8.9,393718,宫崎骏,宫崎骏,岛本须美/松田洋治/榊原良子/辻村真人/京田尚子,动画/奇幻/冒险,,1992,https://movie.douban.com/subject/1291585/
上帝之城 Cidade de Deus,9.0,333517,费尔南多·梅里尔斯,保罗·林斯/布罗里欧·曼托伐尼,亚历桑德雷·罗德里格斯/莱安德鲁·菲尔米诺/菲利佩·哈根森/道格拉斯·席尔瓦/乔纳森·哈根森,剧情/犯罪,,2002,https://movie.douban.com/subject/1292208/
心迷宫,8.7,617746,忻钰坤,忻钰坤/冯元良/鲁妮凡,霍卫民/王笑天/罗芸/杨瑜珍/孙黎,剧情/悬疑/犯罪,,2015,https://movie.douban.com/subject/25917973/
英雄本色,8.6,606372,吴宇森,陈庆嘉/吴宇森/梁淑华,周润发/狄龙/张国荣/朱宝意/李子雄,剧情/动作/犯罪,,2017,https://movie.douban.com/subject/1297574/
记忆碎片 Memento,8.7,669098,克里斯托弗·诺兰,克里斯托弗·诺兰/乔纳森·诺兰,盖·皮尔斯/凯瑞-安·莫斯/乔·潘托里亚诺/小马克·布恩/拉什·费加,剧情/悬疑/惊悚/犯罪,,2000,https://movie.douban.com/subject/1304447/
纵横四海 縱橫四海,8.8,473823,吴宇森,吴宇森/高志森/秦小珍,周润发/张国荣/钟楚红/朱江/曾江,剧情/喜剧/动作/犯罪,,1991,https://movie.douban.com/subject/1295409/
无敌破坏王 Wreck-It Ralph,8.7,612324,瑞奇·摩尔,菲尔·约翰斯顿/珍妮弗·李/瑞奇·摩尔/吉姆·里尔顿/约翰·C·赖利/山姆·J·莱文/贾里德·斯特恩,约翰·C·赖利/萨拉·西尔弗曼/杰克·麦克布瑞尔/简·林奇/艾伦·图代克,喜剧/动画/奇幻/冒险,,2012,https://movie.douban.com/subject/6534248/
卢旺达饭店 Hotel Rwanda,8.9,367326,特瑞·乔治,凯尔·皮尔森/特瑞·乔治,唐·钱德尔/苏菲·奥康内多/华金·菲尼克斯/尼克·诺特/哈基姆·凯-卡西姆,剧情/传记/历史/战争,,2004,https://movie.douban.com/subject/1291822/
东京教父 東京ゴッドファーザーズ,9.0,291370,今敏,今敏/信本敬子,江守彻/梅垣义明/冈本绫/饭塚昭三/加藤精三,剧情/喜剧/动画,,2003,https://movie.douban.com/subject/1310177/
小偷家族 万引き家族,8.7,895528,是枝裕和,是枝裕和,中川雅也/安藤樱/松冈茉优/城桧吏/佐佐木美结,剧情/家庭/犯罪,,2018,https://movie.douban.com/subject/27622447/
恐怖游轮 Triangle,8.5,990151,克里斯托弗·史密斯,克里斯托弗·史密斯,梅利莎·乔治/迈克尔·多曼/利亚姆·海姆斯沃斯/瑞秋·卡帕尼/亨利·尼克松,科幻/悬疑/惊悚/奇幻,,2009,https://movie.douban.com/subject/3011051/
牯岭街少年杀人事件 牯嶺街少年殺人事件,8.9,369390,杨德昌,杨德昌/赖铭堂/杨顺清/鸿鸿,张震/杨静怡/张国柱/王启赞/林鸿铭,剧情/犯罪,,1991,https://movie.douban.com/subject/1292329/
冰川时代 Ice Age,8.7,686201,卡洛斯·沙尔丹哈,迈克尔·伯格/迈克尔·J·威尔森/彼得·阿克曼,雷·罗马诺/约翰·雷吉扎莫/丹尼斯·利瑞/杰克·布莱克,喜剧/动画/冒险,,2002,https://movie.douban.com/subject/1291578/
魔女宅急便 魔女の宅急便,8.7,524907,宫崎骏,宫崎骏/角野荣子,高山南/佐久间玲/户田惠子/山口胜平/信泽三惠子,动画/奇幻/冒险,,1989,https://movie.douban.com/subject/1307811/
芙蓉镇,9.3,190000,谢晋,阿城/谢晋,刘晓庆/姜文/郑在石/张光北/徐松子,剧情/爱情,,1987,https://movie.douban.com/subject/1297880/
忠犬八公物语 ハチ公物語,9.2,218793,神山征二郎,新藤兼人,仲代达矢/八千草薰/柳叶敏郎/尾美利德/石野真子,剧情,,1987,https://movie.douban.com/subject/1959195/
岁月神偷 歲月神偷,8.7,612862,罗启锐,罗启锐,吴君如/任达华/钟绍图/李治廷/蔡颖恩,剧情/家庭,,2010,https://movie.douban.com/subject/3792799/
